43, Rue Saint Hélier 35000 Rennes
18 Rue Poullain Duparc, 35000 Rennes
4 Mail François Mitterrand, 35000 Rennes
25 rue Adolphe Le Bail 22190 Plerin
Les Petits Chapelais 35310 Chavagne
16 rue du Faubourg Berthault 35190 Becherel
36 Mail François Mitterrand, 35000 Rennes
2 Avenue des Monts-Gaultier Noyal-Châtillon-sur-Seiche 35230
Place des lices, 35000 Rennes
18 rue de la grange, St Sulpice la Foret 35250
38 Rue de Saint-Malo, Rennes 35000
Le Château, Piré-sur-Seiche 35150
18 rue Papu, 35000 Rennes
131 rue de Paris, 35000 Rennes
8 rue de la Cerisaie, St Grégoire 35760
Centre Commercial du Val D’Orson, Vern Sur Seiche 35770
5-7 rue de Gavrinis, Bruz 35170
10 rue Vasselot, Rennes 35000
8 rue des peupliers, CESSON-SÉVIGNÉ 35510
28 Route de Bain, Janzé 35150
19 Rue Saint-Nicolas, Châteaugiron 35410
9 place François Duine, Guipel 35440
21 rue Jules Duval, Bazouges sous Hédé 35630
3, allée de Bray, ZA de Bray, CESSON-SÉVIGNÉ 35510
35 Rue de Montfort, Bréal-sous-Montfort 35310
36 rue Marechal de Lattre de Tassy, Guichen 35580
6 rue Charles Croizé, 35740 Pacé
5 place St Melaine, Pacé 35740
La fouinardière, Route du meuble, Saint Grégoire 35760
12 Rue Saint-Melaine, Rennes 35000
132 rue Eugène Pottier, Rennes 35000
5 Rue des Cordiers, Saint-Malo 35400
49 Rue Ginguené, Rennes 35000
39 Rue de Rennes, Noyal-Châtillon-sur-Seiche 35230
ZA La Métairie, Melesse 35520
6 Rue de la Binquenais, Rennes 35200
36 rue de Paris, Rennes 35000
Place de la rotonde, Rennes 35000
Allée de la Mine, Pont Péan 35131
2 place René Cassin, Chartres de Bretagne 35131
17 Rue d'Haigerloch, Noyal-sur-Vilaine 35530
